{"cameraMode":{"drawMode":0,"name":"Shaded","section":"Shading Mode"},"sceneLighting":true,"audioPlay":false,"sceneViewState":{"showFog":true,"showMaterialUpdate":false,"showSkybox":true,"showFlares":true,"showImageEffects":true,"showParticleSystems":true},"in2DMode":false,"pivot":{"x":0.228790283203125,"y":0.918627917766571,"z":-0.08935546875},"rotation":{"x":0.0020687817595899107,"y":0.997608482837677,"z":-0.059928447008132938,"w":0.03443145379424095},"size":9.307751655578614,"orthographic":true}